id,label
b2193a53c04ea9192860fece3f4c2d99,weimaraner
35afa530d505df7e254a2aff006e6c7e,shih-tzu
fece0bdd67bbce0a72666372365de665,german_short-haired_pointer
e95640aaa10c9ad1c6e27a175c04511b,chihuahua
deb063345bf2b6752e2fe25cad096547,maltese_dog
6b907cbeb097df1a1fcf9144d257d59d,shetland_sheepdog
67dc12e769a11c880f5d23c26f942ce6,pembroke
ab8462f9a501d362041d47582fddc9ad,gordon_setter
7e0052f0a72b136ff86d987ff080f467,boston_bull
3c1651cc6309abb1832afd467fac7337,miniature_schnauzer
6422cdc9d64364c7e94bc4bffe96b90a,english_foxhound
281dfcadcdbcee85949accc0eadd4732,english_foxhound
09b770df98721d813129ba5c789b08a5,tibetan_terrier
aa578ee232975465e28d8b372d410149,bedlington_terrier
f23ba5e0983e9cf2725c3fee84414fbd,blenheim_spaniel
8356f99f79e539a97028b1e4af918c43,pekinese
7c394506535c7b64949e79db570f9f08,golden_retriever
cd20118a162237be1423e800a6e5094e,malinois
deec27ba9446dfe31c0b32586f175d6a,bernese_mountain_dog
5c0b2958b07c198f679d7bf93d5982bb,boston_bull
6715afbefb98d982051f8a1010c4f0db,norfolk_terrier
03a5b7602a741f9c4b5e2afcade4968e,norfolk_terrier
b2a5157fad1b4e942ee5e20f503fe950,saint_bernard
f6b8af035c42b6836bbf90d0a457bcb4,bloodhound
a3f81e2c5ab1ee19ccd0211a381c4301,boston_bull
99c85e92f484f931d0fcccf6e062c73d,border_collie
9e4686c68f6ba0ff1530ce8d20197e87,malamute
7de883eeb847a7c9260a6e2acacae866,miniature_schnauzer
c19913409afec2fea2f653a83ac52a7d,flat-coated_retriever
20bd4e49b310f8b366e4947499b1ece0,airedale
6570caa02983d571c7a073d82cc5fb9c,chesapeake_bay_retriever
994406421dc025fa26b72855ca46a522,giant_schnauzer
61c524ee65a40f4c1834bd0e857428cd,mexican_hairless
ffbb6663b38e903dbd1efa5dce2d0bbb,dandie_dinmont
fd1a15ec1d742392420d52a2563b2a7b,lakeland_terrier
5114c5571a3ea6e8a208acad3733f44d,cocker_spaniel
ae2407346c1574ea24682aab76898d80,american_staffordshire_terrier
77f894f11526b2002f836ff8d7f73c22,miniature_schnauzer
22acdc1aa7bd526e90d12e74b7a8b79e,shih-tzu
1dae7984aa680b36d963904e0cbf21ba,golden_retriever
eaacea894e9bdda125ae215081a0d9fc,norfolk_terrier
510a2f5eb6a0f513e2f9c2eb7545e10b,bouvier_des_flandres
54e71c87c381196d842979ae839ee73c,pembroke
daefedd011984ee113319ea19a1bb5a5,kerry_blue_terrier
34cc85bcee5d753514001575e6157c6e,miniature_schnauzer
13c4c05d309fd5f8d307735515cc74c4,miniature_poodle
8fdf6b768f860b50a356b4128d3d6fb1,malinois
1773ea6e4ba88b7806c5658a5d05b2ff,sealyham_terrier
47811a1b2ecb1427d13e78f6bf11ac0b,border_collie
7f1d35c7bb9c6d695efd31746aad9965,miniature_schnauzer
6dc8b801689473766e8ce04031c6bf31,afghan_hound
d22e389f759fda01646389d5110f2e0e,african_hunting_dog
6a08052b90d01b1d3edb6f3beb8d4a29,irish_setter
4ad35c0c14299088af1fb766d315952d,dingo
6d2876e38d42c4a4e0d5aaaaf5bf0f29,leonberg
68ec04ef5b5730e01d9f933405239fe3,bedlington_terrier
df8d6d05e6f83c513a4ab0077207a72a,newfoundland
f6cc3ff7f1eef6c625b18c1f9d1b384d,norfolk_terrier
7ef5a6f9ef36718839c71187662d981a,sealyham_terrier
486d20dafdedfe20f0ac56c32d1e43c1,beagle
a6694db9301971a9a93715f2e6382f16,doberman
af4745ffe019127c3353fc34bddc301a,irish_water_spaniel
9c9d56b3da17fbcdb208e9420e6b2676,golden_retriever
fd35a8d1fde0b1f9c27f604502539c51,african_hunting_dog
ab4e9c5d537ac45ce3937ed326c3d8ec,vizsla
8322f53b29325419ef3bcf7cf10d7172,golden_retriever
16e979f5cd47a91d0c9aa629668b3487,border_collie
2ef1c0ff95eba94cef8646afcb7a730b,english_springer
8a475b429f698b3808c835743aa1a645,basset
03281ed4ff1f0f4265d9f3d9940a839e,pembroke
e90bd6aa38e304f67db74f757df9a834,bloodhound
9861af75e3cd895f7cdf6e9aca56778b,afghan_hound
6b8d430bc75a9b3de737ddb6ddc28861,lakeland_terrier
cf47fa664e913eb875ea47c17f60778b,airedale
0dd90b931c1817e7e3106a1d3c56545e,scotch_terrier
6368c88f4d3b9cc751043623d8eac06c,irish_wolfhound
ade72cfdf755a13daac2355904cb0e29,blenheim_spaniel
0b255f836ab0e2c1a76479588fb678b5,irish_wolfhound
9a9f274697e2d195724c3e9f466eef25,boxer
340549d700f65288e4699fa4c3bc7ce4,kuvasz
198d4de464d1d7cb7b2d4e348fb5a9cc,pug
c52993d8b374e53104d6e4cadf31c4cb,vizsla
98846d2e716f0d2728d9a5fcf98d8f86,sussex_spaniel
858b362d3a26a2426f4bc0e0cbf951fc,english_foxhound
02b9adaa40397a4977b9646cc6c939dc,bloodhound
79170b41b20a489afe0f61ea837f6611,leonberg
5ff5a05029bfffd1ee1962ca7d686378,bedlington_terrier
54c127d696d8b08e4d64dcddc1bbbf9c,english_foxhound
4be37443f1d7021b7d46e0dc895b0704,chow
e3cec8d0c1876ac36942d35f64b9dfa0,staffordshire_bullterrier
0716b7a11a2dd4141f3f1a8aa14eea2d,cairn
a5fa112992adaa697e8ae764e5d87fe8,keeshond
5441b8726acbf1158999122ba0729721,english_foxhound
bccec86223be760e4a9c7899d0628812,papillon
2ea5fef572d2b2d518e38d8bde2004b2,pug
f833a56026b89fba59f04d16ca6881d5,saint_bernard
3a69b23571151b36ff6cabb09cc9f7fe,miniature_schnauzer
8e0e1207d6f244832d7bd02edb2fbf6a,english_foxhound
e69416b277bf04ba83a5f3586fe12f9b,malamute
220b2ad6c153b3610cdd1e14a39ccd9d,malamute
c7270880af7d6030950145a1d6636704,redbone
1bfb2b70210fe2fce3f2f17bc44f2dc5,malamute
545c3279db44dc7c00ccded6eb2ccaa3,irish_wolfhound
c1bdebb147cbf6b7f56e699a606b6e3a,shih-tzu
17d16148fb9d0a995996e498b47207a2,bluetick
97fe6a1d563a1f5c483fccd4bbd41ea1,toy_poodle
36c7d2cb3da6a49ec217f4452dea9ba4,english_foxhound
dbc80d9758259603f8b0847a3d40a251,keeshond
bac40bc242612094fa369b4e5e064abd,pembroke
57d207504c348119983a0cf640481cab,afghan_hound
d68c3d1d8aa9c007b4266a217de8b9c2,malinois
3397d20eaf80128e6ce0190f0228ff88,lakeland_terrier
0398565dfe69896dca15f8d18a194d85,cairn
955151be94bfd94a8aef282e15b0e819,english_springer
2ea4e19a736530e43cd659a54fdd5966,tibetan_mastiff
8ea1c9c721698b2173bccd612fd948ea,whippet
a562ab222aa5c4ea685da464c74ec8ba,airedale
efdd2006f173de50417a1a9ee170194b,samoyed
7bf5968486d9d272a01a3111862a4d6a,australian_terrier
3836dac7313ba15526cd031b72af37f1,norwegian_elkhound
5b6e8df71cd513eefc14a77f89e610eb,irish_terrier
0d14f14ba65c762cb7307c5cfa5f5164,bernese_mountain_dog
7dbc92ac14d6e2491f8a4eca0464fe1f,soft-coated_wheaten_terrier
a9f9bce2a2b43c265efd08b368418040,bedlington_terrier
dfe02d52ca281aaca6215a42fee6245c,dandie_dinmont
8e885b6ac52501854d470cc27e9f9a0a,giant_schnauzer
b53112767fa9c5c0f5a91d4d25fa6357,black-and-tan_coonhound
c02cd35494405c5b848c9d1848f3f465,norwegian_elkhound
d6312b7f6caf8db9d5fc88bba505813c,appenzeller
703747e00bffe97e552dac7b67570ce2,pomeranian
534fec8d4384410956faae3b0fb5a239,boston_bull
bcecdc92b32fa3c42fee1f6343a3c59f,siberian_husky
ba69efb3d5d149dd80868a947f2b0167,shetland_sheepdog
1b8073d76f124c57e6fe8ff9eaf45198,basset
0223272e92ee6b7e9fc4cf48dbd7d167,schipperke
14495a39476bf7fb3ef0971c1edd76cb,blenheim_spaniel
2a1aef68849e0e8bc88bf70771042fb2,irish_wolfhound
1bb0731610f815230a92921263987805,ibizan_hound
8c543f881fbed3b143f8eef96968514e,cairn
b87e5e767fb6834a9eef31c01603bad6,irish_wolfhound
2edc23a516a8930f6e59abb1f17c86f8,border_terrier
e2f94ad185a2cfa2311c66c3e8bdba17,shih-tzu
433832e6fdc7400cfefd357d2bb889a2,miniature_pinscher
8895089b432e020cc42e6262b5a1c2dd,dingo
83f291e4b5959368d95f74064ce9c3b7,mexican_hairless
a6f7a3bad09db1ac741a7dbb765482f2,cardigan
2fce460ee961c35e144d079c4db3bdc0,groenendael
95fde9f17b5983e555c8a50dba32638c,blenheim_spaniel
dc8b5d287285d21a4622efa8c9bee955,rottweiler
223a2071464f05c2ae405762b9ca3af6,australian_terrier
7e83c129d2696dad7c9917aa5f31d44a,irish_wolfhound
0fc0f2141b0ccaf394c6ff12948cd952,vizsla
6e01c54252cfc40ecdfde9612d9e6414,gordon_setter
5184900e7725e1000d60d6f9fc13dd37,dandie_dinmont
424637827b400b0cb2bda490d336c52e,shetland_sheepdog
66d14166c9c17b9915c8b8bd515c04a3,scotch_terrier
f90f630e3728dfe9428e291af0cc4af5,saluki
ebe4a8b8507fa28905cb7e70b90b9170,great_pyrenees
6439570ca93db114c19e9187f08ac4ad,maltese_dog
53cecf172caf93adcb8068dabf900689,cocker_spaniel
44abb9a54a0eba94e1891f2184c0845a,dingo
dc4a6b83f472d7d58f655fcb8e9c2a1e,french_bulldog
939c0404e0c2a1422dee63b27eea240d,chihuahua
3b48b8436675700b8f9c787f0ccbbbe6,borzoi
9b12c8d79079d6f3f3cba1f5a97f574e,silky_terrier
69af491274e314d7e03785508d2c507c,malamute
4297aaa1b2d927ab2393264cb9742976,cocker_spaniel
eb278b7573e08beb43823a006a7ba690,pug
f2bc2e10c40f94618b6d48bca353199a,brabancon_griffon
cca524a4ee4fbbea4a867767377f2035,staffordshire_bullterrier
aafeaab1de0124e7c213acd3473ca3c1,boxer
001510bc8570bbeee98c8d80c8a95ec1,newfoundland
d258058c7626e2ad6ed6d318de3b829e,blenheim_spaniel
c25d294d936268718742b8c3f1161c39,curly-coated_retriever
edd77b60eb22df1021e726b87c270064,lhasa
c0379c60746dbc0e2498fdd0a36ba080,old_english_sheepdog
a41837970662f818e4c10af41d7258f1,french_bulldog
3a98899438c614970758846618857045,shih-tzu
1cb979e6c2f03ac6f708bcb7f0afb1e0,irish_wolfhound
60a0a4bc93c621309e252ff4c39d23c3,basenji
648d7a114c7cb71a017530458f6f64b6,vizsla
fa9f99318fc70441c150beb46013e63c,schipperke
ea098e306986e45eb04ca43b3c7e1916,miniature_pinscher
7f9b6c1f3d474c60becbd305e9331368,maltese_dog
275a39065474315c6e6e6fd64dc90283,shih-tzu
1439e842cb9f8b2c3fcc64806cf82728,irish_water_spaniel
97d4ed796a33f67ebbec96b7ecc2dc22,chihuahua
d7097e526f74005277a1aa7288388906,pomeranian
1ae9016e1b4815586ce17e54eeae96b3,wire-haired_fox_terrier
2d519803e4fae46ae1760262ddf2b4b2,collie
6063fa5fef88446f86b8081bdf12d9e6,german_shepherd
6b6824bfade1e9501e048787d27e35fe,mexican_hairless
46fe1810343e4f3151f736649cf80836,shih-tzu
c18bff950e1826d3c97d8cb26132c9ef,australian_terrier
6bc7121268b1278a43802e09a6e42d72,african_hunting_dog
fc28e20d3e3ef312a15b2255e0ba77a6,german_short-haired_pointer
af1bfd3a8155e7e91bab7ca7b76bddf4,english_springer
ae38da7d5860e3f52e212eb21a0724a9,kerry_blue_terrier
86e6c5d04a1f90eda6652e6181df016f,eskimo_dog
517ecc5a496cfff2b6372c26abe4c91b,black-and-tan_coonhound
4ad031c46088e6f66fd17e2866747a52,lakeland_terrier
66ca665307352358f1f8fa0d52fe7042,german_short-haired_pointer
41bb88e8da45c400490febc6d8d13689,great_pyrenees
598584a8faaf2106d2b36a10fce47b83,german_short-haired_pointer
3861de980fd4e17b43fd70dcbdb89a50,weimaraner
28a0203fe6128b2d1eff82d9ed494fb3,redbone
018103a0629c87eeba67eda67c235cb7,maltese_dog
8d7f27306ea76bca087a0f1fe1185d87,welsh_springer_spaniel
9a64ea7bf2211f9021da989ada36063f,irish_setter
8058827b5d7c206c95f6ce73377198be,miniature_schnauzer
051cd7e2894925acccc0afcd9b4dbfe0,german_shepherd
0f76bc5bfac3d245fc0ebb8a231ecac0,pug
8e233d65e78ca5fb2051c03c7400566c,entlebucher
ff20371d584e330e288f9a863f484ca5,german_shepherd
dfac7db18136057f5d1730c0055f875c,bloodhound
d7ef379f907157245a655bb12a0de7dd,toy_poodle
0fa8b51dbcf4db355110909c624fb37f,sealyham_terrier
1b8a76d1d731ab0e25ac0c61dd16f3d9,dandie_dinmont
f961d98f88aeda2fd338d3a21dc84e3c,italian_greyhound
c7cf7bc7ac61aac856919b4354be091b,australian_terrier
ca0e74e73b66d1aacb8122d96ecda636,african_hunting_dog
7419695ff18fabece12f193a06dec2b8,redbone
20e561f5bf09685d3cd0ca4431fc7961,cocker_spaniel
7885dee6c70ba5db1c9f18a387c0f324,rottweiler
99f7f82807162a4131b48724b58056c8,kuvasz
736b1710b25d095aa45d683bdc2d42e5,chow
098f700ef2234a1ca91614ec51ce3c2b,blenheim_spaniel
326dae32cdc68ad402b216ea2a5d47e2,maltese_dog
c8a02332902fb932af7edb0675ccbf75,redbone
0bb31d2e7e30340a947dc809f1143b63,redbone
9b596309867587ed235d5c02223e67a2,beagle
7b488c52e0d2a7df0a4ca8f4b1be94d2,pug
f5941a13b02860ade9b93987a18a8636,irish_water_spaniel
622bb55824b5865edbaf07eb7bb1e0a5,entlebucher
cd052a6ee8f6228085da7641f3ad88fa,scottish_deerhound
23df0336ab3f54104f8702bd9d8e4cbb,great_pyrenees
349d5f85f4ca1e148edff0d6d9e86280,african_hunting_dog
13d4e348df7d68efc1cc4da882c8485b,airedale
ec036cf752a803815c0e8ecc6601b0e3,leonberg
2e8fa3240b9dc79a7e847fe65e388c23,great_dane
7981f73904ad728dc8d5baa5186057ce,labrador_retriever
f43a0698255ee6f04ad91702a4376b6c,toy_poodle
9bb4213b044033a0efffc81fefda6d2b,dingo
7bccef2d025ca3f10d9e09f5236bf305,great_pyrenees
6326340c4e362a50acfef22a548626a1,tibetan_terrier
14ce33cdebd8d5dddeb10af3c1f135b2,english_foxhound
25a29473a494fcb7650d545e4face02e,boxer
920f67a628490205248d8c9b014d327c,labrador_retriever
e9c961dc49fdf960fc46c8b54ae1996d,bernese_mountain_dog
d2a440580e48f9004697bd6c13026a25,miniature_schnauzer
d38e8bc8f9c1db237b113d65973401b7,bloodhound
8360e7ab79fb024bf4ea7c666cc73b56,papillon
ba9ac60ea59a608c13eb4e6bc6f463e1,sealyham_terrier
999d99bbaae8de5e1b6d0322238ccc65,afghan_hound
9f365081a22390fd3b2403a2786e8b0a,welsh_springer_spaniel
e090f0f0ebc83ddf5f649a841493868b,english_foxhound
86a0fd36e02213745983716ae3e80aef,golden_retriever
7df691c589c68c35132732e17ccb71ce,bernese_mountain_dog
f7f585083fb639c3bfced127e2cd0046,pomeranian
00e7391275cb71dd573ad429d3d933d6,papillon
e3a7aeb038b8abd3f8ed910c84504efc,airedale
450523885568f0eb7b4566883bb8006d,dhole
1321965032ec4a37b44a9a3ac62e2f0b,chow
4330a4bb927418c7c2ecebb560c0bb71,irish_wolfhound
82526c490a3e9e858e908818734c24b2,norfolk_terrier
98b14ea9ea63271e7003283232ea5cf3,dhole
c7802bfc81504a618254657300847c4d,irish_wolfhound
f45014f665123584d3588802ee020bce,otterhound
69bb821892d67196a49e14cb87eeb404,saint_bernard
ab398a45b623e9a24f842132fe816b6a,american_staffordshire_terrier
7603a1e5ec7825b354d3d9f2dc0f6059,weimaraner
deed28298a869f87cf0372f592a21d43,chow
2e288e4bfd1a82c0772cba27003f9654,pug
0b34da5b754b8600edf49e02ce365988,border_terrier
5b1a1246d5596c873a86c0c5ecab23a4,miniature_pinscher
d0c7a68925b01a72cb2c94e12faab906,schipperke
3074830106a7331fb7cb1e3312f513d4,clumber
9a8f1105e7f44d1c4ec3db50acf462ea,japanese_spaniel
463ffe453648a5cf157f2d24551b2b1f,entlebucher
cab9fb6d18dd6daa40ced9f63cea9bad,miniature_schnauzer
28b30b0bf0eb138e89aa590e4a3ebdd9,afghan_hound
8fc80a5c2a4598e385dbccebd65c3a4a,chesapeake_bay_retriever
3edf9e027c8cf96f4ebbeba81b26f10e,leonberg
5c71b5a2dca2cee34c46ac506a93b0ff,maltese_dog
e62be234fa4a073e375af9f724261378,pembroke
ef119ef06b97f22d32dbd5cfc08bf60c,schipperke
1140e6284f80fc0bc1d668438a417a29,tibetan_terrier
355fbf387269b90787545294658d9537,pomeranian
9caace52fa9f2a2480bb731581b410dd,greater_swiss_mountain_dog
22b957455d999fc585fd1634f0178c06,american_staffordshire_terrier
55df884100dc84946a99925a3c03df2f,english_springer
cdae663a2756fc6b3e94eb734c102e85,afghan_hound
834f6aaff5dd8f7159bc3c9afeaaead7,border_terrier
ca55fdb1d14a284035740a88f8b80ed4,newfoundland
bafa0a59a0895469d29af27856f8901c,border_terrier
acf13dc5a07375b04ef4e8c2b035acc1,shetland_sheepdog
d1fa983ca657bc179da042e6c49816a5,welsh_springer_spaniel
0664df7dcc26386a0adbfa3d875022be,eskimo_dog
a8269f4f58c9d7d6330552be9eabaf70,tibetan_terrier
fa0b392ccbae2b59bf83afd34bd8b610,schipperke
e381c5fcf1420985b20117e4bc7d38cd,saluki
bc1e84bb1a43564b86195324f6127788,old_english_sheepdog
7580dfaf2e689966ccdcdd06c53300b4,wire-haired_fox_terrier
5cbc2d436d4dccada287a254b075fcdc,ibizan_hound
3403e31d20ac3bef57cdc863d22d9343,great_pyrenees
522b3f3f94bb5deebebe2c43fb2e70c2,irish_wolfhound
b9b200ec8f51b1c4fa70632148c25675,curly-coated_retriever
e1cad2c1658b4a81db4750218a1f57d2,basenji
3a4c5ff38cc789af065aaee7b0ac8363,bloodhound
c31332461e41be327ab41fcee173fc5b,shih-tzu
82e64f28df4fff22beb11e9a1e413212,great_dane
29b0a21ea9f2b20d8caae87ba319bec9,blenheim_spaniel
015a6039ba5ca1a76b7f856c654ee9a1,black-and-tan_coonhound
05f3b87382efabd41d035224574623c3,siberian_husky
996612533635b96b1f1722c8e2ee2b60,toy_poodle
a3fa5f077c8cf379486cff4578e65d65,ibizan_hound
7e0dbdb422e54f62b0124123b63ca0b2,norwegian_elkhound
1bff026e041df7da298b1518d598f52e,border_terrier
5c873a3533849b784d2f250167eb7a70,flat-coated_retriever
9be4efc4e0cc8dd74753bca46b89821b,collie
4a57179941ccaf7cf2a184c3c2e70e2d,briard
511103dc94637d0a979c5923b9e25027,wire-haired_fox_terrier
1aa985eacda2d5ab0744f290a9c82e95,african_hunting_dog
a1d8fee68196a36dbbb6cc703d80e812,toy_poodle
ef395765458ead37cdb9513cf76b9baa,irish_wolfhound
65a69d42bea45ba503d9d93429dbdc26,flat-coated_retriever
3ada0c8069128db8b76c5d1039bddeac,doberman
9e930eeeb56b2d2bcb5862b14dee962d,whippet
ae062a097cb8ede7272e0cc807d1600b,silky_terrier
1c75505efcd02bb76d9d01689e1ac2a8,beagle
b6614b9f9276022bb19f7e6bf69d2c42,toy_terrier
e3cfadb2543190f43da6bb5500c75578,norwich_terrier
5f5f0c7c4229fb771346a52efa7457c0,weimaraner
d688fab5c2743e4ef263b1955668d53b,yorkshire_terrier
2642aced641c09bd3252bb4014f0fe83,welsh_springer_spaniel
f3a99ce58c3efc75fe2377be02c545f9,rhodesian_ridgeback
42e57c2a787a7dd2cc5fe260376bb71a,maltese_dog
436905a18153b169c71cc3ab7fb2091c,malamute
76510d1c9a1da15997ecef0e4a7a6340,irish_water_spaniel
3407f5f08f680403233081e250a9eb17,otterhound
ccd40b226a0f2e6d1b03c5a959f213fd,gordon_setter
ead86e148dabfcc4ef7f4dcdce9fcf57,lakeland_terrier
a2e6621eb75c41903dd50cb7e1c03c17,miniature_pinscher
662dc1598b0e4075c63cdd11c5ddf063,norfolk_terrier
59f357e88e3d918a3cf064ef5ba79106,bernese_mountain_dog
7b9891c59e2add2db4d8ad834d461e0a,shetland_sheepdog
41d5fb0f7e8e3c1e6f0b52db41221d08,japanese_spaniel
45edfc05ead76ddacbef7e9a2f099865,italian_greyhound
05240d66709e32c9a6d41ce80f62ce33,leonberg
7f02a6e7fe82998a6109bc88bf52c211,lhasa
9a00bcf5503669c20e7c347871f8fe6d,chihuahua
a43785b198ee58d7bba667e9c5db124d,soft-coated_wheaten_terrier
74cb8da74b01f4275fee27c7feceb12c,lakeland_terrier
b5f8d1f0aaad28634e56139bd630de97,soft-coated_wheaten_terrier
6459cc58b61c6e2e74f17889ef9fe517,brittany_spaniel
f790aabc5b0b99798e7a098419a2d8ec,norwich_terrier
8f098408b4e10ac9bc42dceb7ed05bf3,great_pyrenees
f59518330db44c70a9bad7e8a4314f3b,beagle
ca10552fa3e8bed5cc0cb186c507f34f,bluetick
b57564d59f63ed67643a583b3f0224e6,samoyed
30b38a76f2fca84708d2f37bb242d6cb,irish_wolfhound
6f8318b6186dbfa137b5cc2baeaceb36,chow
b8ac5520d1d2d0e831a53d850053fd48,irish_water_spaniel
ef5c93599bcc330fd9642266d9650309,english_foxhound
121af8c54411f9e7459e92b62f9e7767,bedlington_terrier
7261882b948e7bd67aa9bc550bf02b18,whippet
c25e154cd2485be695a9c8746e769867,pekinese
a5c1646de93471cbad69c80119572687,tibetan_terrier
845cd7deca8236dfa40ff6a1385e8668,great_dane
4bf80529c3cbd11c257d81e2df76a603,ibizan_hound
077688a43b63922f7879b2fd66d32509,boston_bull
d79ac967b2359b51b9466249fd994e89,norfolk_terrier
abf859385eda96155ab8cc68c66170f0,norwich_terrier
f0ceb5eb780eba366f9a077486fe003d,chow
81c9031b7188b42af85d40f3a1602570,vizsla
e380bd4f8375d09ae72f4f36aa610031,miniature_schnauzer
07217f9dab968cf02c4cb37acf2acc28,golden_retriever
c4d56660b08526fd7ffce9a43816be67,labrador_retriever
67ef5ebdcf70dd4bd3619afe809093aa,shetland_sheepdog
32c88a21c86293c59b59563499ac48a1,standard_poodle
eaf1a540a86c69877695a63ff9421be5,basset
10b2f665b8dc7303d020e91d362f4806,siberian_husky
4ec9d65e78c1c468ce371c4141d0d301,bernese_mountain_dog
e18c30f7ba3680d75ff326ccb71642e0,whippet
25e8c74e28dcf61df26b9db643ec37b5,borzoi
89980e8c80c3cef0ac0877c83623fa6b,gordon_setter
6bcfa68cb4490c308fc77094ddfb48ac,bloodhound
a5b2f38489741fdb7bff85cc2b207f90,border_terrier
6fd3f1bc87505c9103c96b9693e04f47,ibizan_hound
9c4aaa9c34c291a0fbcc5eb5136a3481,giant_schnauzer
354e6c7096558d69f943c0a7b888d6d5,flat-coated_retriever
e52a4321a8cb0dd3bcc8f4a68b75eee7,newfoundland
476a71ffe964d1a19cbb08eb0f8f9a88,sussex_spaniel
a78056d00ebb14a104a5d7438319e81d,boxer
5dc9fcab9438b00d5b27f7ffd30dc218,pug
153e0d8f86691d96db98b4c34c0a62b7,dhole
0187ee2ec2367ed4fd060cca9681742a,flat-coated_retriever
99bd95316f9796c59072e84932ad33f9,american_staffordshire_terrier
391ec9ea882a52642e078ca64df2563d,kelpie
6a34ed5e99dc6be6af8040cd787de8b2,borzoi
199d5434f99499443feb00c7c4311b30,toy_terrier
9103f5bae0e46c613ca51bab1a3457b4,norfolk_terrier
363a7316f826710be42a27021832eea6,leonberg
152d976d1498996b68a2ad4c1fba695f,malinois
04c7f6600b20b9255b04a76fe6e55023,black-and-tan_coonhound
f11d3e75389720c45f2c0001c131ba21,appenzeller
f738e9e1d45191bf89fd0248986edfdc,norfolk_terrier
39a387f0d5fb9ecc7f511c3c3a691699,golden_retriever
ff9742bc22b5830176e85490cf54cdf7,silky_terrier
b79c2e7bb4c2ed6b6997f91ca73b485d,english_setter
3a191ca4162453fe83a5ffea0194ec55,leonberg
caa6d2959f08f9a11527a55153286ca6,leonberg
e8899ab63ea8630d50f0b321cb4bf811,tibetan_terrier
d44402b5908efa45458107a2aa86e33b,english_foxhound
fc405345f9ba08169e24ee81cc1fcaad,chesapeake_bay_retriever
f3cbc8bcd54963296f75377d6fe931d3,labrador_retriever
5ee22b918ffe34f3f454d151ed985b08,australian_terrier
d459fd8e159c76bf2ba1de7ac72551fe,border_collie
74d2b7992b831108009f6aeb36fb9181,bernese_mountain_dog
8ef205befc91705986ec7d410c781c2a,chow
2c7841a859c28b897deda517d3411b7d,toy_terrier
148d0eefa7e51f564d04c43bb1a22821,rhodesian_ridgeback
3fdefebbf1325d745c041c3b74a9e981,chesapeake_bay_retriever
ca197514fc24746e5c58c15661908fef,boston_bull
0a5f4f224f4660a3453a7fa327bec893,border_terrier
c717c585c11e9ea10f4096273c21b49a,shetland_sheepdog
b92c1a04f7cd7b913a705fae4877dee6,norwegian_elkhound
188bd471a25447903d80f2ee66c403f8,african_hunting_dog
301d047419ce77454409aa35c6bca767,ibizan_hound
61f2e51806a151d8967c584f78bf6d74,lakeland_terrier
a079f72193264bc5685e5d28d7372680,miniature_schnauzer
0cc8563200ce8bc07f58bfc07e6f26e8,bluetick
7ef719ad1c8b98ffdaff289c209b470c,weimaraner
c671334d17f7762d7aaaeb341581b5be,keeshond
959454466c795a45b91926d4ddc9fd65,giant_schnauzer
c79c45aca18085994e6761ccfa89000d,golden_retriever
6913b835c9d9a64159d992dbf9a8060f,border_terrier
127d5024643ecc0734ea9c2c8c8cbf19,gordon_setter
df903a0522873bebca93d1d93bc60bc4,silky_terrier
979688044296b16074cea50cf27d5365,japanese_spaniel
dff4932a639f0bf9b1e693fff89fc898,giant_schnauzer
31d04e937b5d93e055c89bca7a2d46bf,pug
972da8a57986e1d4f61641146cdd4645,scotch_terrier
a501bc8ad9ad751cfb0fe461f59d252e,staffordshire_bullterrier
d111da09291de948a9bda08dff4328f4,bloodhound
a0b7a24c1fa6ddbb4a648ea7b8fc4eb0,bedlington_terrier
d85b02809f047d522971578fc003d629,english_setter
72acff1b5f93e6f82e785c3f8fcbcb84,pomeranian
75c3350964fb0d32484b77bd51d50a11,whippet
a5a89afb607f1d28aa26f74d924b6efa,dandie_dinmont
2589cf6d912df483893fd7687594980b,english_springer
abe8d98b566cf81717657c2775ab70fc,miniature_poodle
c47e0c12f765f90467d5b4a5604a669a,scotch_terrier
6a65c10f91eef58fccb81f50e5f2154b,boston_bull
cf623dc0656d91a824a1cab713cc8b20,airedale
d8e27e52408f66ef2c3305ab0e35ffb6,chesapeake_bay_retriever
d37625f94a424e75656886a2cd980535,standard_schnauzer
0cb0cc50ad302ff64f3297ce361ec485,malinois
f3fa4a19ad6e0a8a4b25467fb995fd7a,irish_setter
0e4edb98eae12cd4332ff2e2d2c6f1c4,cardigan
2378f36313a78044ebca6f4a5e54069b,basset
cc5a5b9075877cdbd4b8466baf984eca,leonberg
f710b7b398babf2e0602e8ee38f1746f,italian_greyhound
8913db55e9966d331e7759f748e2abef,flat-coated_retriever
113ca01bc889d3b8c34fac5e2e3fc50d,english_springer
364cff5215cb87c62f878a08b64f30b2,great_pyrenees
3d389d6c8f70a5623445c9f40d57789d,affenpinscher
73ae08093261746224c01a6678c80c6e,bouvier_des_flandres
494ca45415a021804cbc9810ed640b5f,bloodhound
f5b4f0c3ae9b723524e53043025bcd64,bedlington_terrier
d6bc129ff291bedc5ccdb11152b22f85,entlebucher
17fac4b3bbf21f095de5564f9d18eec9,norwegian_elkhound
6ea3ec6ddb467a0eba42bea87feee18e,borzoi
e870a3586332ab83ddd5821fbc882f42,cocker_spaniel
d7ab932aabe46547f05d3fb7c7856a3c,lakeland_terrier
0077bc3c63486ff09d3774d956af8f76,labrador_retriever
1a7aa3efbad2ac441092c437192796ad,cardigan
7f0d08616646f21a1fbcf582ce05046c,labrador_retriever
dc722a27367e371688695f3f106273cf,irish_setter
542bad47d1ddc772378ec47966c25c2a,chow
bbcc4372d4d3ff011af6266a88b85528,great_pyrenees
b71d49140f8b9c500c2985bc4735c810,papillon
7ac0624c677fdd6a38956d720c27b0a2,briard
1f84c31ca39ad5e1015342af83c42693,scotch_terrier
21e874df199f1c06e041040b35cbc716,staffordshire_bullterrier
f5b7603797d8a92d5b7b52d073891347,english_foxhound
d1d303a6e32e1dbd9b5894767368ce44,boston_bull
bfabbffb6f9f517741b4317bd6d9ef99,blenheim_spaniel
7380751079b24feb3c86914e1037168f,airedale
2c22d4299ad939bb3c76f40e456bc0f5,malinois
c6d49ce66e3fdae87e2be8ad8fd402b8,shetland_sheepdog
fab7c38522b8bb9e71626f6f1a384d8c,boston_bull
db0a1ea334b6ed41bf6f951297172ecf,brittany_spaniel
fd40e9d71ecff4b17b53d2be58648fd2,toy_terrier
ad57aa30eb969a3a70acc9504a73a82c,toy_terrier
59bd05d690eee1aa893808149a2c4d2d,schipperke
4a5d799f0db5155f3f7410616a3da460,afghan_hound
60269386591550a1473e4adfb0bafce7,airedale
fb0aa9d598d54e50963be105661944dc,siberian_husky
2c4f0283c83c8a52a84c418aaf384db9,curly-coated_retriever
1aa65d339d033885cabcd9ea067cf4f1,greater_swiss_mountain_dog
3fd9870f479430479e8f4137a4ef3a4e,doberman
89262d9a1f00dc5aa300905f58cbde69,lakeland_terrier
3d757ec9d84b8c1316d178357d538cf5,irish_water_spaniel
67d17625287f1a4b64124f6065ec8701,golden_retriever
8f87f0bac19b72a9919681fe3d4922e9,redbone
3b9f2855e6cdfdb1503b1cec6dc6339c,boxer
4dc316028cd0fa65ba6bf0f65f40c62b,blenheim_spaniel
51388784ed45d8a4cfe8dad6fb637caa,weimaraner
396ab128eb1fc97113fbd168cb7cec5b,blenheim_spaniel
255a2dcc7259be7f3591dad9c9043366,standard_schnauzer
fc0f848abb459c9dc98c455356788516,boxer
ae62c4b2e5b6a62444d2c8a4976a0c16,entlebucher
884ce001da21ece1063ebe0ddc075fd0,whippet
5e60bd302fa1c348031aeef1b95a5f6f,curly-coated_retriever
d99a6ad54433d9e18126588a7e112b3f,west_highland_white_terrier
340726018b578d88fe961fd99da38e84,lhasa
9c5dc5339dddb885e3d5a109e262ae7f,english_foxhound
faad4c377840dd4c67cc6f603db9fb4b,scotch_terrier
76a5387819ec20088d467d2c6bfc4790,scottish_deerhound
670a3370bb1ae920b7645508f969bc31,dhole
821073087c17a0600d930c95361ab4ba,miniature_poodle
f574f558d78db4e616e91f5dd5347409,afghan_hound
1f87a91510fe79fc36fdcddb467d7c5e,irish_terrier
d0cf17f20cb745d299cde350ba65dc63,beagle
57d16b446de9760c62e4aac3a2034b7b,papillon
b291bab319763d52fefb680821d6c45c,giant_schnauzer
1d596c67034a4800558d8a288a812958,chihuahua
d692a6478adad859ec20a3e039f51541,australian_terrier
37810d09d050bf679fd89d4f1961897b,toy_poodle
1bd57f3cd24dfb1ff3301a0effa96b3e,toy_poodle
b3e52fa19366844b1022f38d78e4f71c,miniature_schnauzer
1b176552396034ed1c864c3adb6cd16e,bloodhound
c3853195a3d4c74b4fd3a9b841e4778b,bull_mastiff
44e58eb6267901d0eb286dd4e0c00aa2,saluki
71f62260bedbd2fcbc477bac4bdf1140,australian_terrier
b29f4365e2521b26f780d1881d0ee149,bouvier_des_flandres
82e41a906dbd9ec362a3d49cf6bbe645,australian_terrier
112cf5a77c123e8e8a024f26b4154a2d,chihuahua
96e221a0185f9dc88f5c6ca3d0912b79,toy_poodle
039af4fb60da073f735372d28e0b44c2,samoyed
7436c1b0d5cd2742fd63985c4840aea9,welsh_springer_spaniel
0829a60da0c03d84426d455ee8a8de24,leonberg
15eb91d38d13be03d41639899e923053,borzoi
72a41e6590810da581186cdc2b6d3082,chesapeake_bay_retriever
4b2467c1983c45f0805f2b7e3d0ffc39,scottish_deerhound
d8107407649cb2818f32227a389cf9f2,lhasa
dea92807aa2ac37bbc2dabf1b0eb6a39,tibetan_mastiff
bff7112ce4992789da240668070a9b14,papillon
d9f2e14d19d62503b1506e5974bc1da7,entlebucher
3df624b9038c1322cba1db52fa3547e2,silky_terrier
e49bfa1dc9bc6fa7464b29507725b3af,blenheim_spaniel
a0748da509a0111df34573d19701232e,doberman
5062f38bbab3716122e3b881735a200b,wire-haired_fox_terrier
e2faaf5e760a6189d0980e6355864b4c,borzoi
a39a4ec4aab39090fd879fcaa9c48f35,wire-haired_fox_terrier
03b4aee397e5dacdc21da01e5a5beeee,papillon
22718111c013e3d2342181d7a4411201,australian_terrier
e816f0027a2c6348dbf12b79c70541bc,miniature_schnauzer
1c35608590c808952e33adc177613407,kelpie
ed4535d3e501ff280dfefb927b0e093a,english_springer
fd219ab54b33aa99a68797431a1b8e07,bedlington_terrier
9e8232b5e5ad19762b520e3ae71f6a06,chesapeake_bay_retriever
032b031f2c08f87b76608b2c19851725,lakeland_terrier
0d20ec872931053d937381013e38ddc2,black-and-tan_coonhound
a60e73d011dd220a692a1b885cad3508,japanese_spaniel
bb51cb36913e0695b25838231374fc0d,briard
2890e797b95ad607e150528964026d26,dhole
201bdc6f7a8b0fde297d1291fcd31380,shih-tzu
d9ada1f8cf8af7595ea951c485c9bbaa,irish_wolfhound
dce52d7235885d9ad2ae34006e2ecb1e,newfoundland
5dbae9788a740ea9b923303391ceeaa3,tibetan_terrier
978ad068d293268f6bafbf41eb620054,staffordshire_bullterrier
4f4e91ba1aed19b1b7dd6bebf4e8c9ca,english_foxhound
8b04879c87f77830bf329b3feb3653f4,greater_swiss_mountain_dog
43159f866273080e9dc8070751e4d0f4,flat-coated_retriever
25b0df1059b8c1839e1a1b2726f6dd7b,greater_swiss_mountain_dog
3b81b9a78a160407c823d2e8e66dde07,basset
efaa7438a6c3bdf92f90539a1fff55fe,newfoundland
7765136bd0b50472d4e1334d413e7fda,chow
8f1f7d57584552d193b1e70f10846247,malamute
b44fe02602d8d2c9508da314183ea90c,english_foxhound
7774a47f851cc89ca70c2d43b43a1451,norfolk_terrier
5061c78044810067e944e160635f5393,scottish_deerhound
8e9953eb1e35732413f9382aaa6f9e48,lakeland_terrier
ff28a67281fa0c35dc577ba62b16b73c,italian_greyhound
186ce2324e1dc6ae0f0fe51811a9c2a3,border_terrier
1bd850d59f3d8a60e863bc2b6997ba09,pug
cec9b6d368bb26adb9e3d7f71df7d51e,irish_wolfhound
b5f244b2015d9e99bf2512e6371a61b8,giant_schnauzer
d3544b36d6484c31c95f3eab6d22333c,siberian_husky
f054f5578e5c9d3f6759b357df3c5f16,papillon
d9d7483ff16378df33da92a79af52bf1,bedlington_terrier
d39b546fc10d3358988a254514e83ede,great_dane
92e124e21cc4d5d9ea879b3ea634325e,dingo
5b8da1041db85099dac6f9eb5ff9fa1f,shetland_sheepdog
930103a82c3521849c9e73e79c3aa42c,otterhound
188a058f0094aae8244839b543636f83,dingo
0d6a4703b8989cb5c5402b15e7efbdda,ibizan_hound
3bb5b0beec0daeeb1d45f8009c27741c,bernese_mountain_dog
7e7745195510838b2e9f08492ab4b473,toy_terrier
bd80f2d9d300a2162291270312312980,norfolk_terrier
3cb89f83ca0ad518343f2a2c35aa98e8,saint_bernard
5224e9da3c1d74f4b192a629bb8ead4b,malinois
2b2ae5a4911e51ff9d600d6550dbfa17,german_shepherd
96c273964a8d15f3849f309fbdd4f0ea,kelpie
b530f785608a421387ffcc3755b27228,redbone
e61cd2626c01dd00117eca55fb099f5d,sussex_spaniel
333fd9416f177c1d23f20eb625e540dc,affenpinscher
ec0efefd564e6632ca11b424b6dcd2d4,old_english_sheepdog
3d9427e22ce2910674de113d3422ac22,newfoundland
fc39121062e4a0aae5131ab4f1e56e0f,pug
8ba655ea2e2356b3d2588023092c2e1e,boxer
a68469be22f03d01eba6bd8cc743d75f,malamute
d5c160b47de14a1b8bb121a605640b20,norwich_terrier
9443ffdbdfb90d1b7037d543757bd036,sealyham_terrier
8bbb4408f2dbcd27b4b750f3749173d3,afghan_hound
e726ac27864ecbde1f5822c4d6e26c17,great_dane
53cb184b5e5ce7ef5488fc21f6c32ec2,pekinese
0a2b5dcf7aac8c4a282ed09b8b5e93f2,soft-coated_wheaten_terrier
ff7bfd2fea4ed8fc8c43a613df713540,lhasa
df2d806debebfd39e858f877756518e8,norfolk_terrier
dbd12d397694c3cc2e2b0b2f497be726,maltese_dog
935d0c63e749116d3e3e34b8cd22894b,norfolk_terrier
e66a91249a4979a86db48e5c64b81a88,borzoi
aca4bf7a07f6e9ac27d9a4e0c5c1e68f,dhole
e0bf90705facb623a6f36046cc495659,great_dane
7dd00f56bac8e7f66711a1fa0c86e0f3,bernese_mountain_dog
e37be38e73463da5a0d9f3e33263d287,australian_terrier
40bc48838c2bf936ac2f207cf02c861f,bedlington_terrier
1ffc48019090d9ab6fec3667fa2dbdbb,appenzeller
24193dad6b66cb25cca7e84d731d4290,cairn
d63bae3d392864deed929ad18ce36cc0,boston_bull
512613bce1c17546316c8a75f50b1c6f,borzoi
a8935b127297f0c361a2a76a3d8a637b,staffordshire_bullterrier
868326b7e666882ef083c1d21039bb1d,maltese_dog
cedd6b0da3b4070ff7c7a185b85c7504,chihuahua
c75da09225946d326237eea4f3fd8f43,tibetan_terrier
9b2ab3eeae747036be69ed78bb7f7a11,blenheim_spaniel
e9a092de78948af4ab9ec3f8027a5d54,west_highland_white_terrier
7279107f8559a28be6b10f5538f0b8fd,entlebucher
3d3a6a1d9c0270b20fc96ce1159248e3,leonberg
10dbf30635323f90703abc5d76493902,old_english_sheepdog
f4af276965865188983afcbb5fca9cc2,pembroke
58657786baaa98ea777000c3a3b4e899,keeshond
5aa6fc506e8c09fa185cf2ed6a5a64b8,scottish_deerhound
f3df185234b2be78825de1ba63d6c554,norfolk_terrier
4feb8012034b360ce124355bb40d9c11,saint_bernard
6a3a7b54bba0edf187b5330f74a3f66a,miniature_pinscher
c762956da4860b0ee3a5f9c7b7fdb57f,pembroke
25929fe1b00d59ad03db9576464e6cb9,old_english_sheepdog
e857866af777793d2c114b09ea7a685a,dhole
b1d2f74265af835e570a690ef3bbc36d,tibetan_mastiff
25ba0484e0c90b93cefc170e5489c2f0,toy_terrier
0c82ccebd8e7cf9b232fe9b294863c69,giant_schnauzer
6ed1bd5d0aac89b272a8f189595affa2,giant_schnauzer
31e18b56a94c593909084fa74610f72f,australian_terrier
46757cee3bd079ccbdd739e338247d2b,miniature_schnauzer
ea3dd88512f22e94969a517e8e8ea10e,silky_terrier
b98f8ae051465972798a0fdf035ad3b0,irish_setter
4d2c5271ca71c95234b78bc0910f3d04,irish_setter
ab7f0bdcb0972371042499373d2c2ecb,labrador_retriever
01b2d28b2d793d02043220cb469d87e5,blenheim_spaniel
09fddf304d2789cfbb55935237dbac13,rottweiler
7f71540d6b3ce4da2dcbd1fd7d5fc937,bernese_mountain_dog
d346c8f2c14e1f602a74e895b0928e65,great_pyrenees
fedbfd23108558ac6fa690bf4bfaef0a,chesapeake_bay_retriever
35321ea5fd477895d2f0fd62468b6eb4,basenji
5c162bc1ca5edbcd1f1355659500f02c,cocker_spaniel
f14672c3ea8086560de6b7e79f9b90d1,irish_wolfhound
b138ee2179ec8871d9534e81a54517bd,ibizan_hound
013c469ce5bd1117b248883dee30a38d,basenji
c0dfed6fbe7e086fb9fa08a97de0d40b,blenheim_spaniel
ff7e00f66ebf0042c5ccb74170eecb1a,tibetan_mastiff
23bc7d6110bffa07ef451e07831ae9ac,irish_terrier
3464ef03f85da77144339ff450ba0807,african_hunting_dog
7a10aa1b0b3e1215524c03e1928dabd0,bedlington_terrier
e3c97ed588b32f49c7aae65cf91f17ba,pug
3dff834248a35fc615edfd5836865b40,border_terrier
5a680a5fddd172c6b28fd9928670c780,irish_water_spaniel
2481c4db5da08d6e512882dd971ffe78,miniature_pinscher
76680349c01ea89d2ca18f90b0776542,bedlington_terrier
2d0f82bd3077b34603964cb9b5d05edb,briard
5b53201a9ac33d850609f9aaecf9dc51,lakeland_terrier
1fd10c43fc5c263d3c9e34fb2c3fb386,saluki
4b2a7b21a6cbb7c896353a5e30e27f00,golden_retriever
5e1940d82de5036864fb3a44fa49bd7c,norwich_terrier
5ca641e2b70f34d25bdf95b76067405b,schipperke
122417fa3c0d4cb9bafc24f46727ff9b,tibetan_mastiff
d8c06097f326e19658e63be36b1481a5,affenpinscher
e78b50f1d12148deef4c564ea4c88050,irish_wolfhound
563fa10a749b4fb63bb94a3a02a667f5,tibetan_mastiff
1cc56ea149a97f5c3b7844bdfda095d0,standard_schnauzer
7aad8e5755ae3527d888edc73987a454,greater_swiss_mountain_dog
f5174e3ab52edb2e414e135259047c48,bouvier_des_flandres
975912ccd25f34888759cbded120764c,otterhound
bf5d40c3f33c4398e9b528d93ac24184,welsh_springer_spaniel
b373ce8b0e1de183a2adff0ec7c36d19,beagle
a3be6cd3cf8483dd98af6202f0233689,toy_poodle
023c0a9675c4e09e7de76be0fad3d52f,african_hunting_dog
b1efafd6a60fe9cc605793717edbf2c5,pomeranian
5acc1488ca19571c047d8a9b8535ed12,schipperke
6ddad6369722cd52640a5270f2f5ac39,labrador_retriever
c46ee062292e0f2db70f7367bc6a72af,dingo
85bb38d45f1efff6bc45453df671710a,norwich_terrier
6d41ac100737f33db95996bdae59bad1,chow
060ee0b8632da146446eec70629904fa,australian_terrier
80772a2c72d253b2834b6975db3f6cc7,great_pyrenees
d474413bacb63f8665d1e75e26401a0c,bloodhound
fd0168c8b9fc33a5ba5a58c13d594bd0,beagle
624ac38ae2fbfd3cec84f5164fab1cf1,japanese_spaniel
31e76602f9d2066febf0a5c743dd59f9,gordon_setter
a14685be9e67219f841aed5b52b3e542,rottweiler
f88206f9a29e9461d16a3050b23a1e33,american_staffordshire_terrier
77add7f7570f1a3321934ec605d0d2aa,samoyed
aae4296ae3405c37470f01a9fa1aecb1,tibetan_terrier
5eba8caed037977dfd9487952754e159,bloodhound
3b2f8cbd6fe3f64ce0a7e3f535f70533,great_pyrenees
cb8323065d4827069d53e0ffba2f0c84,newfoundland
4de2ba963d28c9ade288ec40ba54afb9,border_collie
e193c532dc7c9a5ee397848a1ee007f0,english_setter
b6215fec7b9d323f8b7165ad2008bae1,doberman
1610cb0315227b74d9c28bb64cb79503,flat-coated_retriever
41964479d9c08fa097346872a6376121,labrador_retriever
f4a3d9cf1909fb5d894ff5d5121af9b0,irish_wolfhound
cff0b4780b519e569f3478550504b02f,irish_setter
e9d0bcd1ca3f651f6693de92d63bce5c,curly-coated_retriever
f6c76521f3eb52045af1c3a5cc05e64f,dingo
1cb39487e071702fb2ac1a31be2d31d7,bernese_mountain_dog
e138d8e5745db1213cc08131e7420c7a,norwich_terrier
32038771425430d6a32f88b08d7eaf56,chow
6f685b838df534b65ca28b19ac31bc50,shih-tzu
20623e01f1eb31cd2b89800bc7b853ff,norfolk_terrier
c5e5e96224f054800659da7bb5e3b05e,toy_poodle
b3a50b5d5f992de2ae0380576c6a7c6f,otterhound
8919c1920ba56b25c91d806765446b39,groenendael
985ae7fc271ac4a0d131e546c0f95bb6,basset
b91bccc28b23560a3fec5da3e88a8544,leonberg
26ae54652bee66cb5a6889f047d60fe2,lakeland_terrier
09427dd054f40eda66d2dc064822c9e6,toy_poodle
94ef474be9e41fcf6a105312216607a6,bloodhound
ecf3d6520cec171b81830fb38fce1570,entlebucher
1c6d5fd3d037d75d66d1bd7f95dce367,pomeranian
f3925f914650b1edf59ce7da36abda31,rhodesian_ridgeback
559c8471983b589691bd095e6a56c12b,brabancon_griffon
2162f28a3151f4ca907a8a9d79492618,irish_setter
f74e342ace4cdfbf26dfd2bd32a62cee,irish_wolfhound
991d0107b7a686b25fa9e33e7f1b3611,chow
15bf9b209d1e2a227028408b617822b2,siberian_husky
07f7c5497dd9bd91f62b7d292973393b,italian_greyhound
8b0bb138f43faaeafd1c52ed79ce0067,maltese_dog
b070bcdd539d9cdf9bdfa006cd6a028a,irish_wolfhound
c81fe76409bf415be751bae1190af3e5,kelpie
7a062668122c4d7e213e806ff939c96d,norwich_terrier
f2d8c849a9ec1a3217e53ebbb7d50e3e,curly-coated_retriever
889224b2b61240e166a4981a7e0d2730,norfolk_terrier
35fb3b47f33d4711c68bbd8667573b89,komondor
db529813caf3c11bda11f1814081a3e5,standard_schnauzer
c8d481207a655be86fe49b2f09f9048e,sussex_spaniel
438c0bf05096382172a77995a2ba4778,german_short-haired_pointer
08699bdbc18bde158cdc4969b6c51d81,chow
e6353a9420e1e529b6c20b9414786ae7,redbone
31fd12dd573f80fa94f7d8330b57f563,bull_mastiff
832cae23410e741ecd2014b3818ed7c4,affenpinscher
4f0f6b1a0c4b19cc0917f24bfee6d6cd,shih-tzu
e64d56f012476f124591a22648114a37,french_bulldog
df0196ea5d16d1570c1f2b567b975b90,vizsla
9847c601a7bcc75c7951fbf5eba39150,lakeland_terrier
4f0d640ad99e732aeda224f39b6380c0,african_hunting_dog
dbdc3bf4dc3bc5df214cd53692e1feff,entlebucher
b3f4e9e6e0440e329bec4355ce7b9016,brabancon_griffon
f5cab113e1dab255ca24447caab54641,chesapeake_bay_retriever
ab065f522488afe09494c124342957bd,malinois
338d2abfc6858ed3172ede3bc74b5788,boston_bull
53d336cdfe574e917155b300ae3e5cca,rhodesian_ridgeback
f8b0bade51fd9ba4f1cbacdc593c9ea4,otterhound
c437cf27cf3c3b61a8a3437fd0ff0b17,great_pyrenees
11754ee6d33fceb7a8dab2c33f3ba008,flat-coated_retriever
7ca5580d25264b2454908b5346ff3281,pekinese
8d5e67d4a02c44f377587a140b78f90b,dingo
791da533a4d8221a9d3349614359f951,norwegian_elkhound
0ccf9351b3b9825b3a66d0542aea348e,miniature_poodle
978f33a39b5ae74bcae1677b0afe2c36,cardigan
02ea6166d772f24caf112171fabd1011,redbone
16ba21d0aa8ebc2830260518f66efafc,newfoundland
515e5d592804cbf2b8a5d446eb194468,greater_swiss_mountain_dog
b188a004aa9e0969567150d0d1f3c461,boxer
810dbf17bc69e70251275b21adf7697f,newfoundland
e22db0abd7c039726b9683fc0a372204,keeshond
92fda6c3ace7bba1562e9a42c9632491,malinois
a3dbbb37c62f7cfd4e1b4d2795aaf7de,shetland_sheepdog
48fe589e1986cc099c2f543b8d9ba1cf,old_english_sheepdog
a8b5093fc641e3c13678dad11059498a,brittany_spaniel
9ae64eb724d302df9b59eae70864962a,collie
9df135b59caa3bf6bdbb06f1b08aa4b4,cocker_spaniel
582c346847be9a10fcc5edf5656896c7,saint_bernard
000621fb3cbb32d8935728e48679680e,japanese_spaniel
aebe384a26c75dc6bf33d64bb008539a,african_hunting_dog
918cf220249cc388fa95140f1a18960e,airedale
6d297a2b361761000869d99fe53f4ef5,bouvier_des_flandres
e0a21cb0d8d3014b6c56230350a9362f,samoyed
12a5a3abbcb676f7eaf490073d30f978,cocker_spaniel
4a561aa2b498abbe1dd306cb35e7a3a1,english_setter
41f92c7fd010b8b89ee672ecacb3cede,wire-haired_fox_terrier
af860b4ed3ca982406a8b27c4544addb,shih-tzu
78051e90eeea8ad63faa1ca9251e5435,redbone
2585b3ffb02913ea2cbcd14536f56d24,border_collie
3270a8db8794fa7bae937b02c2c58d0e,border_terrier
6e93d107348cdf5555e7ab4053ad0ed5,shetland_sheepdog
24120d84936d859bb2fe013e5579ba57,sealyham_terrier
f1705303b30da3a48db2a5f34376b947,weimaraner
135bd15fefabe5b16f8c93be850fc36e,old_english_sheepdog
56568522569abd46a624739163883d6a,briard
a5aac0069eb462a90e9caa7e126de80e,airedale
68656de34ecba9514e27bfa8663ea424,beagle
11fc120159d97b9f6f27e107666e93f6,schipperke
74e40c5277dc098324dfba2ae27c4b22,african_hunting_dog
36aae27a5e1fcbae2d707cbc9bc44f41,lakeland_terrier
dc6da0379fc0113bab6e75bdcc0f076d,japanese_spaniel
97ad8176d98b07793372dab2c55ce668,airedale
5f539005decec06b03c9398094765b7d,greater_swiss_mountain_dog
ab68d07a7fc0fced182ca02818e00cbf,irish_wolfhound
7c22b58b20e4646fbd1747ce2f183f42,vizsla
79829c383cbbf0aafafc5baefabd69ea,greater_swiss_mountain_dog
75173940f416c2142a727faa4b8df89b,airedale
6a8402b28c4b93ea0448cdbbd4d7f3f4,basenji
e68da487dabcd11874830a177e8b6218,kerry_blue_terrier
4e714daf29f840c297efaf7cedb2c1e4,boxer
b6010bdb4aa4f80837e51e8e2a275c33,chesapeake_bay_retriever
c2f4d8346143083ec1c0a9f4c871d0fb,french_bulldog
718b1396e07ba1f7e4408979dcd550be,redbone
142cd6e7fec3cb25f5297258999829b9,eskimo_dog
379c3539bed019806f08b52163cbc2d2,standard_poodle
eb44625ed1113825fe1f23e50222cca1,airedale
0e7c2ef54e84c8d021e1c0ea96cad523,wire-haired_fox_terrier
b9246b71e7cd67f936b838ec3323e39f,australian_terrier
5387a63544fd5e573ea6340bc7f26f73,pomeranian
15e18e644542e0c8777d0cc04d5f1469,irish_setter
a76e75935bffb57d4b9b0ee85a53db63,bloodhound
4ded44ea906ddaeaff15eb82965a14d8,pomeranian
c94cb08d0725ef8fe7647266def87b35,bloodhound
3e1e9a83a00afe71f08967d99ddf0c70,norfolk_terrier
8e0eb86900c0db3c0016131a94f49241,scottish_deerhound
bf9a109dd391229fa06b3a34bc1470bf,norwich_terrier
118784064864f82da57ee41ede5fd59b,samoyed
68c9c2e5d0dc3805ebf261b49cf5d3c9,eskimo_dog
43de95b59bbd14661336d2abcbe216ae,borzoi
d50aee8c0bf819b889dc756dabe709fb,gordon_setter
1a38ab01d6a18a4693a57125fb7f0370,toy_poodle
eefac34d2a315aba5b14665c9b498b1d,basenji
5b1f6b58ed655793e65d71eb50f50eea,chihuahua
1098c26307f8cd01a7ba182b090f5e55,tibetan_terrier
a508f053a7bb83ce2deecaa9c5a9c832,scottish_deerhound
831a38bd2cfa0a093967d5b6c1ac09dc,bouvier_des_flandres
05ee6c4435fb7a602ba89659d5d3ad1a,lakeland_terrier
3fc9e3176b52cdd4787c263dae3fb81a,australian_terrier
f6daf862fbea9106bab1ee3742fa213d,french_bulldog
207d0a7a27d3e4d9ab33860a18b78383,staffordshire_bullterrier
2ec3ddc38d6bf421528dd67ca38b589f,giant_schnauzer
2b546c0f7a5ba74c9d222c149d2134a0,malamute
aa3cdad3e206f3baff5d3f15f9d03eb5,norfolk_terrier
6715a492eda68acd37e28a54218c2504,english_foxhound
ccb7c5f4d740f7bf8fb0161efe594b48,border_collie
1e7553c33e4b4ee3348f26e7ee63f867,leonberg
73a030a4461577fe8e07bdb958bd4840,chow
8033f7230602b7871baf97987121a955,newfoundland
a517beb4183be5a0b0140a4bee9cd47e,border_terrier
6be051a95abdc04816383ec76e4c3a53,bernese_mountain_dog
2fa13e03954dee3e1816a5b4ee1bb75b,malinois
b059ab281276da6af309f083e0cfc3e2,pomeranian
8ef652e3a8e720c288bdd74b20f32070,blenheim_spaniel
797814fc04a3dfb386ea3d15a2305ffe,shih-tzu
7d670b5cd96a00a1c3f3ebe4565f5fb5,malamute
174fea6abe703dd3f16a9df66d0c4665,norfolk_terrier
8dacb6973b785dbc667f4a39c2ff8af7,basset
21ca3205f590adf0f266ef71323bba49,english_foxhound
1c0dda70b0facf724280c3529937c848,beagle
1fe9a2924acf141d00d8f57ec0b30385,pembroke
ee0582b96b135f5e036e011d53baa087,cairn
ef0209bcfab48f72f71c9d1b8648aa45,border_collie
65bd5879ec1bd32bd87a1c1ab54a0014,sealyham_terrier
2fe169d491af038f1ab05aeb56d2dc26,golden_retriever
3c12e379d2378cd7a996bdeb825e3c10,walker_hound
fec24843dec09a1eb5ae4689d748f470,bull_mastiff
5a74783d0e45b8218953a1d78ab63177,golden_retriever
be7adf5825560206c08b8cdf66f2011c,toy_terrier
83e4b817c762dc3e308220721c11bf70,dandie_dinmont
23e96791e6156374a4df86004dbc1d6f,keeshond
6d68a6ba3914c95014efc8dbb1bc2c72,norwegian_elkhound
a1274c19077dbf829afbbab82e24f237,giant_schnauzer
68c075d18cc938a89f3e583676e8eecb,samoyed
27b56c11687335369fe608d91afeb641,lhasa
d91447b53020e59094deef0914392da9,australian_terrier
ef1710d5cb79a5e0b46f7b9a101a25b4,tibetan_mastiff
11b6d3d460aa9c03baa3cdd090307e23,sealyham_terrier
5e7ca529f7a5a55066db4b5f2214d6af,silky_terrier
1eb59d5b26bfd913ba0f8c14dfc4adbe,clumber
d039d96eac17bec375a317beb44553cd,keeshond
9ebea812027d64d6588432f8907baa33,newfoundland
d6ccd266aa68d8e06a7882f9e0145492,blenheim_spaniel
a8d1473731f314f2c8c4be8ca175fd62,cocker_spaniel
39ec75f859d3c82673eeef507a3dbe64,ibizan_hound
c909aced4dfea056bfdefd302aacdb84,curly-coated_retriever
523f7f65af697d29b9e00f134606ef26,english_setter
20db4454a42b9760ff220d24e138f1b4,malamute
1b0766eaa16ea5ee3f0d9c287b321eaa,chihuahua
ad149bf030353964165e01730c8e29f2,clumber
18b84991b24399dbfa651bbd7e8c0c85,american_staffordshire_terrier
e423b91111a1c5b52cc1026086f263f2,german_short-haired_pointer
1780847606b8e5ae281c97b2027127ec,scottish_deerhound
7ddf9b454e95b57883f50d511b20c914,schipperke
b1b29ac71e37647d3264e4fe2e8d454c,kerry_blue_terrier
7fd624fc3ee3b6242f3063bddf449fb9,west_highland_white_terrier
74af2024054a120cb0fa0eb64bdcab88,scotch_terrier
17f840f8bfc7ef60eec37f9ee52c9517,sealyham_terrier
e70ffd525a15ed3eb30a8c25869bc755,miniature_pinscher
ddf0164ab3a269b179051bdecaea34b0,yorkshire_terrier
5361283e7d99e055e283cbf1a5159b5b,rottweiler
8217bdb1a85ceae160438639d36a9258,komondor
a3ce9a29dca2ed8a065a2d10fd0a14bc,wire-haired_fox_terrier
629a627eb84b246338859ebb6387183d,giant_schnauzer
6997a68f76b66ab68e2da28382115e62,wire-haired_fox_terrier
24ce0188531a4c78ae85ff70b0ed0646,chesapeake_bay_retriever
e24877545b682257ca77ae600df1fe37,miniature_pinscher
7baea2db19d6fd9c2f01d14e971e5549,cocker_spaniel
c2e2f40bb342acd55fdfc8c1ffcffe7f,appenzeller
bd04d8968149f57abc5f21d50fc7b731,saluki
8c1b371cc8d0d0949889da9c95bbe24e,scotch_terrier
26623886ae122bc7f5e181d331e3683f,collie
858a434039128a6179a3334eee9eed83,dandie_dinmont
1eb19591afd2bd99fb5656f57282c941,bouvier_des_flandres
2cbb111f9df4ab277e88f68d214a3ac6,great_dane
c7b69f7f0a38f8ad0dd5b17adaefe0ed,redbone
f56080803871563e96541a57ad1a08c4,border_terrier
f68c74c33e5a231bd45bff6206401f09,komondor
0917cea14ed14bb43c7ca5ead4f38266,saluki
5d9c0c30c1908e9ef0390120a9eb41c8,pomeranian
c0f00b1690172c6b11f2d2502b84ee14,silky_terrier
ea54171754dc00a910fd4ed0cb41e765,malinois
bd405393e16688e5282b57d92bdbb97b,entlebucher
722b105529e2516463b9848888322b9e,boxer
1c3b18571b79fdfb9eb0e80764e2a09a,miniature_pinscher
1af1c8b40ed015861a4ebdb67f21f7a3,entlebucher
380eb30f1459f362034552147a7104f8,clumber
f3aac2f76dfbfa4df96d63227c2c9390,pug
fc584aa0af57439b8bd9568ab52f9030,bouvier_des_flandres
3f749108e04e5a7ab35357cb0e501aac,otterhound
e3d417026b89cbb57b00a7208421009d,malamute
7c00236f0b0095686a0f7a941ca34622,borzoi
598816a4249ee9e17e286f8040e016f4,english_foxhound
3edeaaf5955a4b26bc19d1d9d194f23d,australian_terrier
ea8fab5f4003724ac49ea787216998b1,cairn
4eb48e0523600ddd19dad73a7ffe2334,malinois
548777448b984525db18e614fcd6fd2e,kuvasz
d0273d9cda7e33ae5a22c14b305d8216,chow
cc1711087040cc1f3d135e861543a64b,walker_hound
86b0ea086d876d9c92dd58432c85c993,bernese_mountain_dog
ba98d137ad308392ebde03e663fe7260,bloodhound
de172eece3080506aa3bcf1967f4a90b,cocker_spaniel
26ca845b343fd116bb5e6ff68f6c29a3,flat-coated_retriever
3d709301162cd8930b62281ef8ac09dc,siberian_husky
a1b67916fef4646594755dd5ad591630,kelpie
70284866addb982f94c9b030fb6756f9,brittany_spaniel
3304bb6f7dba8b14fb7ff61bef70cea9,german_shepherd
ed58df400a22e4a4857fb00802d4b8c9,boston_bull
0dbbfd6f80c227c60a79312fb143e6dd,west_highland_white_terrier
959209551edd3e87aaa1eca7e42c28c6,maltese_dog
8574352f6b7e766d63e543be73b0e2e9,black-and-tan_coonhound
0658d98859dbf3976a4a2008097e2dfb,brittany_spaniel
96e144a1956c0d827478a51a6525eb95,keeshond
e53b2f4211fb7a34aeaa04974b919f6d,afghan_hound
5c847006ba5e439d3252daf83de597d1,brittany_spaniel
733083726113ea89eedc441efbdca7ab,blenheim_spaniel
d52eb0b5629fde69f9fa6d5e8981187b,bernese_mountain_dog
0a28fe94aa27ebd0fa587c8a474117a1,miniature_pinscher
31a4f695c54c788a75920e43d8113fe8,samoyed
9a3d4652918b66cc694e6d4fbd65534e,blenheim_spaniel
b19f7853f6b2b84a99fc3b7c8a8eaa64,curly-coated_retriever
3dfb8d0d60cc85ad8f6a6a521c08445f,english_foxhound
bdcc19f4802844742938bcb694e457f7,african_hunting_dog
111fb27f743d10119c071278ee65d131,golden_retriever
52c0d0ce742e40e0ee89060cf56705c0,komondor
f63b972e0c8fb81fc79a3fe1099b9797,ibizan_hound
cbcd4e1befa019fdda0fdbfefad2e10b,standard_poodle
add5d56a7c6f2691ae9df6e79851d404,boston_bull
2689e13e426db96ba8f0933420be0c44,standard_schnauzer
32a2c2c2531fbe01b5aa8236000a3046,scotch_terrier
3b086107fe78cf5c22975e9fa0a18da7,bloodhound
7b3ffac7ead20a7062d917ad210e6b08,saluki
020d14c04769cdc0aba82befd41816da,cocker_spaniel
61a57b1614f657fed56f2b66e98db61e,lakeland_terrier
b5b0793b8d0166e1ae3a0fd291105f5f,bluetick
c15245145013896dd40a5fc301baf36d,ibizan_hound
ed3b2e79859710376b7a91379234b1ec,ibizan_hound
4ec6c0d61750599636d6946a6374078e,brabancon_griffon
b1fb0b0c39c2e2736a0aded295e6c084,irish_setter
11a2226cad4e1bcebb4015c28fd2c7e3,samoyed
63a1aa34a5209888ebb99ba0248dcd31,briard
5c3036ac3c8b92daaf9f7cb8a8760867,schipperke
52f42cf61637c2e15296516f402f00c9,tibetan_mastiff
9c659a53dfb080036738108fdda4bcb5,italian_greyhound
49e9e9145a958803a9ba2e3f6e0a71ab,maltese_dog
3ad06e801258881030c45b6f547f3e1d,bluetick
7f68fd77616f67427bb5d427510e5439,bluetick
483ef1ad817b3f17081dd14080ed206e,silky_terrier
703d702e22543c0ef0c50e255a660991,boston_bull
2f1b46804087ade2b6c210125f34323f,bedlington_terrier
c2d87315df1b02017edd04f30f8b60fa,cairn
4e31b6af3a52413c82adc704bea59307,curly-coated_retriever
5e0c411a5deafc615ce0796e352786e2,italian_greyhound
129edeb395f0b7aa68cc2f886803dd9d,shetland_sheepdog
18a99d36b66096509b40e2dc0b0f703c,malinois
be7afa25c8a5a6bbb6995c217b05c250,cardigan
759edf89ed163128e485238a7c7cd21b,mexican_hairless
784e628b81fe28ec1632cd8ed89909f8,brittany_spaniel
9784c63e2685a117ab0acd909a1adda5,great_pyrenees
470523a2a1b1a577b84a0a9eb1353fb1,great_dane
0d23734888782ba88da4bb3c19a12688,curly-coated_retriever
8c636f0b2ad879065367f882c99cfad3,komondor
f157fa27083c96da528c2b3c224f83b9,bloodhound
341bd8a802798866f6fc1d13bfe53a34,keeshond
66ab1561f7d0fadbc955dd2f8835f348,schipperke
e2b6d4957b62934bd831c3a1b65e2ebb,soft-coated_wheaten_terrier
18d344e127337b8acc18e7dfd84b49f8,west_highland_white_terrier
25d131ecdf7d4937ee31b248c3d0b5c3,sealyham_terrier
74d03f2ccb344ba6bdeee78d8a5412b2,brabancon_griffon
98b8f4424417f43bee5d719441bd22d4,irish_water_spaniel
fa98868fa1de351dd9c69d08545b3181,maltese_dog
7962ec09ec12e5df01c6637d07a7d275,pekinese
9082c80ea0f49d1a08233606488e9cc0,norwich_terrier
af6f27a592f2230bf113f8bdcb91f299,whippet
5c12c9b482b1861342a45f7eacf8b1cf,toy_poodle
7d94e79bfaeb976f7ecc36165a4c7078,shetland_sheepdog
271542fcefdf9d32fcfdfa61b69aa149,lakeland_terrier
780138a84209e9f448bcec64a61e3e2e,toy_terrier
30230ce467565dc36947c8bc7460ddda,kerry_blue_terrier
021ad1825ea4fc5c0af6edc805fbcb8e,newfoundland